column,mean,std
tenure,32.37114865824223,24.55773742286344
MonthlyCharges,64.75876757063752,30.08951373136293
TotalCharges,2279.4615930711343,2264.565221209867
